scenario,runs,orderCount,totalItems,averageQueryCount,averageDurationMs,durationStdDevMs,durationVarianceMs,averageUsedMemoryDeltaKb,memoryDeltaStdDevKb,memoryDeltaVarianceKb,averageMemoryTimeProduct
LAZY summary order only,10,1000,0,1.0,5.50955,0.5216456100649176,0.27211414250000004,1266.5,40.137887338523434,1611.05,6990.903960000001
DTO summary projection,10,1000,0,1.0,1.9947699999999997,0.13713497766798963,0.018806002100000014,452.5,55.22725776281129,3050.05,906.1406999999999
N+1 order -> items,10,1000,7499,1001.0,499.08973,1.1034584895228219,1.2176206380999874,7670.3,3839.7021772528137,1.4743312809999999E7,3825905.7048
JOIN FETCH order -> items,10,1000,7499,1.0,46.27419999999999,1.603868856234823,2.572395307999999,7030.9,3524.033100014811,1.241880929E7,319969.40817
ENTITY GRAPH order -> items,10,1000,7499,1.0,35.57043,1.0350179245307785,1.0712621041000001,5976.1,2999.633959335705,8997803.889999999,210411.12573000003
Nested N+1 order -> items -> product,10,1000,7499,1501.0,510.49629000000004,3.9781226389969473,15.825459730900036,8814.6,4421.658290732109,1.955106204E7,4501738.42715
JOIN FETCH order -> items -> product,10,1000,7499,1.0,54.78258000000001,1.2259477638137772,1.502947919600001,8108.7,4068.056318440048,1.6549082209999999E7,440067.62511
ENTITY GRAPH order -> items -> product,10,1000,7499,1.0,43.98013,0.8177013783160703,0.668635544100001,7125.7,3582.524865231224,1.283448441E7,311767.84836999996
OVERFETCH summary order but items+products loaded,10,1000,7499,1.0,54.28210999999999,1.6800217965550326,2.8224732368999996,8108.2,4061.648872071539,1.6496991560000002E7,434564.51515
